{"loss": 0.7723426818847656, "_timestamp": 1726023673.2227948, "_runtime": 1712.79718375206, "_step": 9765, "_wandb": {"runtime": 1712}}