{"loss": 0.387835294008255, "_timestamp": 1726175054.4991167, "_runtime": 1419.0805807113647, "_step": 19531, "_wandb": {"runtime": 1419}}