{"loss": 0.007354098837822676, "_timestamp": 1726173628.221486, "_runtime": 1406.150978088379, "_step": 19531, "_wandb": {"runtime": 1406}}