{"loss": 0.007354098837822676, "_timestamp": 1726178742.7538471, "_runtime": 1414.430183172226, "_step": 19531, "_wandb": {"runtime": 1414}}