{"loss": 0.6471987366676331, "_timestamp": 1726021324.7731335, "_runtime": 380.44704151153564, "_step": 9765, "_wandb": {"runtime": 380}}