{"loss": 0.0011978938709944487, "_timestamp": 1726176195.1135736, "_runtime": 27.7810115814209, "_step": 791, "_wandb": {"runtime": 27}}