{"loss": 0.06999983638525009, "lr": 0.0005449860993919137, "eval_accuracy": 0.8623595505617978, "_timestamp": 1726367108.5900989, "_runtime": 1324.575835943222, "_step": 19499, "_wandb": {"runtime": 1326}}