{"loss": 0.004713886883109808, "_timestamp": 1726177062.4842567, "_runtime": 13.28650975227356, "_step": 791, "_wandb": {"runtime": 13}}