{"loss": 0.683884859085083, "_timestamp": 1726152850.0082877, "_runtime": 1066.6349737644196, "_step": 9765, "_wandb": {"runtime": 1066}}