{"loss": 0.3983750343322754, "_timestamp": 1726021798.4706304, "_runtime": 382.1029763221741, "_step": 9765, "_wandb": {"runtime": 381}}