{"loss": 0.6772815585136414, "_timestamp": 1726020197.0156562, "_runtime": 247.97701811790466, "_step": 9765, "_wandb": {"runtime": 247}}