{"loss": 0.02046051062643528, "_timestamp": 1726172217.023073, "_runtime": 1405.1358559131622, "_step": 19531, "_wandb": {"runtime": 1405}}