{"loss": 0.9120083451271057, "_timestamp": 1726170595.1856563, "_runtime": 47.451454401016235, "_step": 621, "_wandb": {"runtime": 47}}