{"loss": 0.6963101625442505, "_timestamp": 1726150980.0517652, "_runtime": 417.67695713043213, "_step": 9765, "_wandb": {"runtime": 417}}