{"loss": 0.0009603610960766673, "lr": 0.001, "eval_accuracy": 1.0, "_timestamp": 1726243532.1628618, "_runtime": 11.986794710159302, "_step": 749, "_wandb": {"runtime": 12}}