{"loss": 0.03991008922457695, "_timestamp": 1726149557.4353826, "_runtime": 417.2725775241852, "_step": 9765, "_wandb": {"runtime": 417}}