{"loss": 2.470459461212158, "_timestamp": 1726177245.211578, "_runtime": 3.104074001312256, "_step": 2, "_wandb": {"runtime": 3}}