{"loss": 0.3983750343322754, "_timestamp": 1726151613.745191, "_runtime": 417.67995405197144, "_step": 9765, "_wandb": {"runtime": 417}}