{"loss": 0.6564117670059204, "_timestamp": 1726020856.6661837, "_runtime": 379.44885873794556, "_step": 9765, "_wandb": {"runtime": 379}}