{"loss": 0.0009603610960766673, "lr": 0.001, "eval_accuracy": 1.0, "_timestamp": 1726243330.1089728, "_runtime": 12.056232690811157, "_step": 14, "_wandb": {"runtime": 12}}