{"loss": 0.015132261514663696, "_timestamp": 1726019748.4175606, "_runtime": 78.90880846977234, "_step": 3610, "_wandb": {"runtime": 78}}