{"loss": 0.77165287733078, "_timestamp": 1726150394.064138, "_runtime": 417.75546288490295, "_step": 9765, "_wandb": {"runtime": 417}}