{"loss": 1.0055363178253174, "_timestamp": 1726170764.5660052, "_runtime": 38.52308130264282, "_step": 497, "_wandb": {"runtime": 38}}