{"loss": 0.5445794463157654, "lr": 0.0005449860993919137, "eval_accuracy": 0.056179775280898875, "_timestamp": 1726373298.1900117, "_runtime": 1345.5687358379364, "_step": 19499, "_wandb": {"runtime": 1347}}