{"loss": 0.7880403995513916, "lr": 0.000784, "eval_accuracy": 0.0, "_timestamp": 1726371702.7634397, "_runtime": 115.00601768493652, "_step": 1649, "_wandb": {"runtime": 117}}