{"loss": 0.009380397386848927, "lr": 0.0005449860993919137, "eval_accuracy": 0.9943820224719101, "_timestamp": 1726371495.75469, "_runtime": 1324.738781929016, "_step": 19499, "_wandb": {"runtime": 1326}}