{"loss": 0.06999983638525009, "lr": 0.0005449860993919137, "eval_accuracy": 0.8623595505617978, "_timestamp": 1726368450.9626317, "_runtime": 1333.458330631256, "_step": 19499, "_wandb": {"runtime": 1335}}